label,mean_Unnamed: 0,mean_inst_len
1,1573461.1468118986,38.74957005794115
2,1657804.4142046808,111.82689261467898
3,1563653.7994379688,12.879422753127884
4,1990470.9816297074,121.6312819839916
5,1531238.6815718156,94.53658536585365
6,1651150.53024364,22.243883380729127
7,1717438.4286801477,27.909165035877365
8,1718982.1323331264,44.9396477990369
9,1554290.4331926643,62.61568329071427
