label,type,Unnamed: 0,fun_id,inst_len,percent,,
1,External,391232,391232,391232,0.209408144,,0.790591856
1,Internal,1477043,1477043,1477043,0.790591856,0.321357579,0.678642421
2,External,176702,176702,176702,0.321357579,0.321357579,0.678642421
2,Internal,373159,373159,373159,0.678642421,0.158356604,0.841643396
3,External,53703,53703,53703,0.158356604,0.158356604,0.841643396
3,Internal,285424,285424,285424,0.841643396,0.172024669,0.827975331
4,External,1311,1311,1311,0.172024669,0.172024669,0.827975331
4,Internal,6310,6310,6310,0.827975331,0.457091238,0.542908762
5,External,1012,1012,1012,0.457091238,0.457091238,0.542908762
5,Internal,1202,1202,1202,0.542908762,0.150475239,0.849524761
6,External,11747,11747,11747,0.150475239,0.150475239,0.849524761
6,Internal,66319,66319,66319,0.849524761,0.062314271,0.937685729
7,External,3439,3439,3439,0.062314271,0.062314271,0.937685729
7,Internal,51749,51749,51749,0.937685729,0.186756728,0.813243272
8,External,31879,31879,31879,0.186756728,0.186756728,0.813243272
8,Internal,138819,138819,138819,0.813243272,0.109902264,0.890097736
9,External,14011,14011,14011,0.109902264,0.109902264,0.890097736
9,Internal,113475,113475,113475,0.890097736,#DIV/0!,#DIV/0!
,,,,,,,
,,,,,,,
,,,,,,,
,,,,,,,
,,,,,,,
,,,,,,,
,,,,,,,
,,,,,,,
,,,,,,,
,,,,External,Internal,,
,,,,0.209408144,0.790591856,,
,,,,0.321357579,0.678642421,,
,,,,0.158356604,0.841643396,,
,,,,0.172024669,0.827975331,,
,,,,0.457091238,0.542908762,,
,,,,0.150475239,0.849524761,,
,,,,0.062314271,0.937685729,,
,,,,0.186756728,0.813243272,,
,,,,0.109902264,0.890097736,,
