label,type,Unnamed: 0,fun_id,inst_len,percent
1,External,391232,391232,391232,0.209408144
1,Internal,1477043,1477043,1477043,0.790591856
2,External,176702,176702,176702,0.321357579
2,Internal,373159,373159,373159,0.678642421
3,External,53703,53703,53703,0.158356604
3,Internal,285424,285424,285424,0.841643396
4,External,1311,1311,1311,0.172024669
4,Internal,6310,6310,6310,0.827975331
5,External,1012,1012,1012,0.457091238
5,Internal,1202,1202,1202,0.542908762
6,External,11747,11747,11747,0.150475239
6,Internal,66319,66319,66319,0.849524761
7,External,3439,3439,3439,0.062314271
7,Internal,51749,51749,51749,0.937685729
8,External,31879,31879,31879,0.186756728
8,Internal,138819,138819,138819,0.813243272
9,External,14011,14011,14011,0.109902264
9,Internal,113475,113475,113475,0.890097736
