label,mean_node num,mean_edge num
1,1236.449371,1851.753805
2,222.6157895,235.1712551
3,115.5458262,130.2647359
4,17.08744395,16.56053812
5,65.11764706,68.05882353
6,265.5306122,485.329932
7,142.6046512,259.0594315
8,146.1455479,181.3253425
9,126.098912,422.529179
